url,label
https://google.com,0
https://microsoft.com,0
https://amazon.com,0
https://github.com,0
https://wikipedia.org,0
https://linkedin.com,0
https://apple.com,0
https://netflix.com,0
https://instagram.com,0
https://twitter.com,0
https://youtube.com,0
https://stackoverflow.com,0
https://coursera.org,0
https://udemy.com,0
https://harvard.edu,0
https://mit.edu,0
https://bbc.com,0
https://cnn.com,0
https://nytimes.com,0
https://forbes.com,0
https://paypal.com,0
https://adobe.com,0
https://oracle.com,0
https://ibm.com,0
https://intel.com,0
https://cisco.com,0
https://salesforce.com,0
https://dropbox.com,0
https://zoom.us,0
https://airbnb.com,0
https://uber.com,0
https://booking.com,0
https://reddit.com,0
https://quora.com,0
https://medium.com,0
https://github.io,0
https://digitalocean.com,0
https://cloudflare.com,0
https://mozilla.org,0
https://wordpress.com,0
https://flipkart.com,0
https://snapdeal.com,0
https://zomato.com,0
https://swiggy.com,0
https://irctc.co.in,0
https://sbi.co.in,0
https://hdfcbank.com,0
https://axisbank.com,0
https://icicibank.com,0
https://rbi.org.in,0

http://secure-login-google.com,1
http://verify-paypal-account.com,1
http://update-bank-details.com,1
http://login-amazon-security.com,1
http://account-verification-microsoft.com,1
http://192.168.1.1/login,1
http://paypal.verify-account.com,1
http://bank-secure-update.com,1
http://free-gift-card-login.com,1
http://amazon-login-update-security.com,1
http://google-security-check.com,1
http://facebook-password-reset.com,1
http://instagram-account-verify.com,1
http://linkedin-secure-login.com,1
http://secure-netflix-update.com,1
http://apple-id-verify.com,1
http://confirm-bank-account-now.com,1
http://urgent-account-update.com,1
http://secure-payment-verify.com,1
http://update-your-account-info.com,1
http://free-voucher-login.com,1
http://verify-bank-transaction.com,1
http://secure-amazon-payment.com,1
http://paypal-login-check.com,1
http://security-warning-update.com,1
http://reset-password-now.com,1
http://bank-alert-verification.com,1
http://claim-free-reward-login.com,1
http://credit-card-update-now.com,1
http://secure-account-check.com,1
http://bit.ly/secure-login,1
http://tinyurl.com/verify-bank,1
http://login-facebook-secure.com,1
http://update-google-password.com,1
http://confirm-apple-id-now.com,1
http://verify-netflix-account.com,1
http://secure-instagram-update.com,1
http://account-warning-paypal.com,1
http://bank-login-alert.com,1
http://security-check-urgent.com,1
http://paypal-confirm-info.com,1
http://amazon-verify-login.com,1
http://bank-account-warning.com,1
http://urgent-payment-update.com,1
http://free-reward-verification.com,1
http://secure-banking-login.com,1
http://verify-account-now.com,1
http://confirm-payment-update.com,1
http://login-security-warning.com,1
http://bank-alert-update.com,1